{"cameraMode":{"drawMode":0,"name":"Shaded","section":"Shading Mode"},"sceneLighting":true,"audioPlay":false,"sceneViewState":{"m_AlwaysRefresh":false,"showFog":true,"showSkybox":true,"showFlares":true,"showImageEffects":true,"showParticleSystems":true,"showVisualEffectGraphs":true,"m_FxEnabled":false},"in2DMode":false,"pivot":{"x":106.60564422607422,"y":13.472171783447266,"z":92.79448699951172},"rotation":{"x":-0.18437427282333375,"y":-0.36669400334358218,"z":0.07439065724611283,"w":-0.9090938568115234},"size":50.343841552734378,"orthographic":true}