{"cameraMode":{"drawMode":0,"name":"Shaded","section":"Shading Mode"},"sceneLighting":false,"audioPlay":false,"sceneViewState":{"m_AlwaysRefresh":false,"showFog":true,"showSkybox":false,"showFlares":true,"showImageEffects":true,"showParticleSystems":true,"showVisualEffectGraphs":true,"m_FxEnabled":true},"in2DMode":false,"pivot":{"x":43.334999084472659,"y":7.724921226501465,"z":5.980000019073486},"rotation":{"x":0.1618826538324356,"y":0.00740095553919673,"z":-0.0012128700036555529,"w":0.986785352230072},"size":43.316925048828128,"orthographic":true}